k,mutant_code,predicted_score
1,G655E,-2.779268264770508
1,A26L,-2.377642869949341
1,G251K,-5.053398609161377
1,V143E,-1.7242270708084106
1,E693W,-6.059986114501953
1,Q90Y,-4.061591625213623
1,Q433C,-8.453827857971191
1,E31D,-1.888983964920044
1,K224I,-4.757804870605469
1,V518A,-2.9351255893707275
1,D575I,-3.248267889022827
1,G734W,-7.467179775238037
1,A430K,-1.6138787269592285
1,R460Y,-5.297410011291504
1,E285A,-2.8978333473205566
1,N164R,-2.436140537261963
1,L349K,-3.193909168243408
1,E160I,-5.34083366394043
1,M345E,-2.6614608764648438
1,Q95P,-4.081462860107422
1,R100N,-2.713754415512085
1,T353K,-3.008547306060791
1,M45S,-3.2962913513183594
1,N550E,-2.288074016571045
1,H388D,-2.186978578567505
1,L566M,-3.002202272415161
1,P644N,-3.2220983505249023
1,A592I,-2.958853244781494
1,M722D,-7.443699836730957
1,V47I,-2.9548373222351074
1,T297D,-3.1418797969818115
1,E239F,-6.4197187423706055
1,H390L,-2.665862560272217
1,L465P,-4.336120128631592
1,D167P,-3.9599790573120117
1,L364H,-4.487115859985352
1,K687L,-4.558908939361572
1,T719D,-9.707103729248047
1,F624H,-3.663187026977539
1,L547I,-3.914897918701172
1,Y168R,-7.589840412139893
1,A389L,-2.4892282485961914
1,S656W,-5.289907455444336
1,V225M,-5.237277030944824
1,G58K,-2.8616433143615723
1,Q33M,-5.244976997375488
1,R411K,-1.9577867984771729
1,G68I,-4.5682525634765625
1,I581N,-3.457930564880371
1,A218T,-3.280195713043213
5,A26K:Y115I:S282F:G655E:P760W,-5.669904375076294
5,E31D:Q33H:Q90I:Q433V:E605A,-3.214250421524048
5,D204W:D575R:I666K:T719R:G734Y,-4.533381175994873
5,L7N:N164K:E285G:Q433H:V715M,-4.237896394729614
5,Q95N:R100K:C105D:A368S:H390W,-3.9241030693054197
5,Q81N:L128Y:R301H:H388D:L566C,-3.913200569152832
5,I82E:V234P:E239L:T297R:D678P,-3.239146327972412
5,D167L:T215D:L364G:E380W:K687I,-4.2559010744094845
5,Y168V:T277I:A389N:E474C:S656I,-4.7499755859375
5,Q33H:G68Y:T275M:C324I:R411T,-5.312433815002441
5,H147F:I272K:M406W:R470W:T659K,-3.708384132385254
5,V409N:V439I:T598F:E599V:F765T,-3.675091028213501
5,N49G:I94R:I113D:T157P:R643P,-5.244910097122192
5,A258C:L480E:N542W:Q567K:G611N,-4.4776527881622314
5,Y115A:S162K:R301V:A446H:L465V,-4.015781569480896
5,P109H:R306F:P520N:D641H:G655W,-4.964536952972412
5,M1A:D332F:E501P:S544L:S614I,-4.394282341003418
5,K60T:Q81D:A88W:D247G:I581F,-3.411220645904541
5,M170V:I272R:P487H:D563W:R676H,-3.1089999675750732
5,F320P:V409R:I666V:L688S:I731E,-3.8043048858642576
5,T22Y:K66W:E231K:V254Y:Q347I,-4.18430461883545
5,L8I:T61D:C73D:D647N:K725D,-5.271791076660156
5,D244I:V286W:V498F:R527Y:Q686Y,-4.376999473571777
5,W97E:N195R:E249P:E417R:P485R,-3.6202348709106444
5,P56E:A479D:K670Q:F690N:R747E,-2.8993997097015383
5,N195F:D197R:E255H:R460K:N550S,-3.572996139526367
5,P78C:G101W:E256A:V454D:E564K,-4.062982988357544
5,L171Q:D219C:E417H:M493Q:V498A,-5.142546653747559
5,I272W:E293T:A400G:H434I:N466L,-4.480813980102539
5,K60C:D223N:E556C:M594C:Q754Y,-5.9777813911437985
5,T59V:S162D:H489G:V515D:S544D,-3.305916690826416
5,V123I:E241Y:E414C:P584D:A692R,-4.292242050170898
5,C324L:V536H:N579M:T598I:E674L,-4.711165523529052
5,F135S:Y308M:M406D:I661A:L688S,-5.257367563247681
5,V76H:K103V:V551K:L577F:V637N,-2.9826659679412844
5,Q71S:S162W:G251M:S292V:L379A,-4.177097177505493
5,T107F:W307K:K568E:G680E:H684W,-4.873433351516724
5,E160N:D216I:T279K:E289V:P620T,-3.9018560886383056
5,D53L:Q95C:A258C:H434N:L650F,-5.107348489761352
5,H166W:T269Q:L453W:R653A:P760E,-4.417493152618408
5,F37P:P78Y:V153W:Q559F:G708R,-6.3470252513885494
5,L41P:M43H:D131K:C316F:A374P,-4.708458995819091
5,S159I:E417H:D574H:E636R:M768A,-3.7533047199249268
5,F184K:C341L:N422G:Q686E:N755Q,-5.566463375091553
5,R40N:D205M:V228I:A472K:A482C,-4.267300176620483
5,S198D:V286K:C337P:V409T:R676P,-5.300079965591431
5,L29K:V119G:V340Y:N550K:G696C,-4.46373872756958
5,V112M:Q354R:E445V:G611E:R747P,-3.3001594066619875
5,N46R:N195A:P261V:D591W:K726H,-3.1475592613220216
5,Y72M:A339F:D373M:L442V:Y681L,-3.6355309963226317
10,A26W:C105E:Y115W:V143Q:A229D:G251A:S282D:G655I:N755I:P760V,-3.948881435394287
10,L28S:D204Y:V226K:A430C:Q559G:D575R:D617N:I666L:T719F:G734I,-3.9062581062316895
10,M45S:Q95W:R100E:C105Q:S271D:M345W:T353L:A368P:H390Y:Q619H,-3.9354732632637024
10,V47K:Y72R:I82P:Q104G:V234N:E239P:T297H:H390L:D678E:M722G,-3.596834397315979
10,Y168I:G251N:T277C:A389K:E474C:L547N:N571Q:S656K:L705D:R747H,-5.28093581199646
10,H147L:A218G:G323K:M406W:R470W:F512L:I581Y:T659Q:D672Y:V736P,-4.034882718324662
10,N49G:I94R:I113D:D142Q:T157P:V225R:T371V:Q506K:K522W:R643A,-4.51011598110199
10,Y115L:L118R:T274G:L349S:N550A:G657L:S697V:K699G:D739V:Q769E,-3.413726496696472
10,T157V:H166A:D204N:R306T:G383A:P520E:A553P:F624M:D641K:G655C,-4.207330107688904
10,Q71T:Q81W:A88H:V129K:K132V:D247R:V498H:S546W:I581H:S750L,-4.06658056974411
10,S124D:E231N:V254A:G383Y:V409W:E449K:A463Y:V530I:I666A:L688D,-3.4539774894714355
10,Q33K:T61S:L70H:C73W:A235G:D244Y:A339Y:R527T:D647K:K725T,-4.1522492408752445
10,W97C:R100E:N195C:K363Q:E417N:K421E:H434K:L442H:A479I:F675W,-4.390516984462738
10,P78E:C144D:P188W:E256A:V286D:Q433I:V454G:R460Q:E474T:E564T,-4.095692205429077
10,P3R:T61W:G169T:D219G:I272H:E293M:A389I:A400D:R411Y:N466W,-3.989389592409134
10,W52C:T59V:I63D:S162G:G322D:H489D:V515I:S544P:E599F:E766Y,-3.9969329118728636
10,L41V:N84M:E253L:A430I:N579M:L593I:T598K:V609P:N635F:E674M,-3.7622034311294557
10,L10W:E75I:V76T:K103L:C324G:R469N:R470D:L577I:V637N:N770L,-3.755490779876709
10,L9W:S162L:D310F:E449G:N542K:E557F:D627F:K670W:H684F:V721K,-4.63711895942688
10,W209S:D216L:S271C:E289D:T352Q:V518K:P620C:L650A:G704N:V735F,-4.592899405956269
10,L10E:H166D:T269F:K438W:L453C:L565P:D575Y:R653W:L723F:P760R,-5.372384095191956
10,L41E:M43P:D131W:D216R:E256G:C316K:T367G:A374H:V683Q:K699A,-4.685269594192505
10,N164E:F184Q:E255C:T274S:C341K:N422H:Q686S:T719N:Q753L:N755I,-5.053165078163147
10,N25V:Y72P:S198W:A229N:V286A:C337F:D360L:V409G:G657Y:R676K,-4.642012882232666
10,R40E:V112P:G322Y:Q354H:E445L:A447D:A524R:G611A:W621T:R747W,-4.280732011795044
10,Y72M:E202N:D373F:L442M:Y681T:K687M:G704R:E737N:N755Q:P760L,-4.005104017257691
10,D131Y:F179M:D197Q:A389W:V431A:K568M:A631M:Y681H:D694R:Q767Y,-3.751065731048584
10,D219H:N330D:L453M:I477V:P485M:A524E:H622K:M671L:A692K:Q754H,-3.5529470920562742
10,A26Y:Q48H:E75Q:H151T:G251Q:K425I:D467G:P487A:A626F:A645R,-3.7576871633529665
10,W52F:D125S:G181V:V225W:E256N:R468S:Y476T:M531R:N571W:A713S,-4.267109501361847
10,T163S:V254I:T266K:E284S:V461D:P487L:L534I:R653K:Y762M:N770M,-3.6984564304351806
10,T83D:D142R:K155R:T157M:G220W:V237R:K393R:V554C:V711H:K724R,-4.607958948612213
10,L7Q:P21R:R306W:P361W:H390K:E399T:H489K:N590K:E599R:A713T,-4.153104472160339
10,A30W:D131A:M170Q:M345Y:E399Y:E415A:A479E:H685R:G696F:V742R,-3.793839931488037
10,W52Q:C187L:Y217D:E267T:E285A:E335W:Y336C:S346N:A389K:N466D,-4.3817132890224455
10,P21T:P32E:N42Y:P130H:T157R:D205L:D245P:V254G:V637E:E668H,-3.403072774410248
10,G27I:F111D:F319Y:F320K:E385F:S407L:N590E:L593Y:D694C:H733P,-3.745115327835083
10,W13S:Q71E:L350R:E380P:V431R:V439F:D519R:S546G:E664V:D678L,-2.96513032913208
10,D252E:T275K:F331S:A447K:I477S:K496Y:P552Q:L607N:A631C:L749T,-4.417612534761429
10,C187L:A218W:A265C:V287T:T333H:L349D:L364I:A500R:G611T:T719W,-4.723535275459289
10,L18I:N96Q:D247K:A302M:A459Y:R488N:K503T:K662W:G708V:T729N,-3.993344855308533
10,A258K:T278E:G314I:A339N:P361E:Q436W:L465G:E564I:L720H:F764T,-4.356605911254883
10,K103P:A199H:E233M:E284A:V290W:I304F:Y538K:V604C:E612C:V742W,-4.769529485702515
10,W13S:K106S:P130M:S292G:C300D:Q481K:K503T:Y588E:P654D:V715P,-4.701336216926575
10,D55E:V76I:V153E:E156W:T312Q:D504K:L577V:D591Q:A645S:I703S,-3.844035291671753
10,C62I:R102H:S305K:E313D:E440H:E583K:T603G:G625W:E636D:E758H,-3.3917991161346435
10,P3L:I34S:E238D:E296K:P299K:Q419Y:E462I:A482R:V609E:M706W,-3.6516160011291503
10,C62Y:Q74L:T146R:V153E:M170S:E231M:A273Q:K315L:N610V:E664W,-4.519999742507935
10,L41A:T83D:E257K:F331Y:E443Y:E449A:Q506K:F613Y:Q619C:Q753G,-3.6954052686691283
10,C186E:E285T:A447P:L453R:A482N:D504N:T532E:T600G:T651M:E668R,-4.717175543308258
20,A26K:E31V:Q33A:Q90W:N96H:C105W:Y115Q:V143I:K224S:A229Y:G251L:S282A:Q433G:Q559R:E605N:G655L:E693G:N755H:N759M:P760E,-4.172388434410095
20,M45H:Q81D:Q95C:R100I:L128M:S271D:R301I:T353E:A368Q:T371K:H388S:H390P:L471G:N550P:L566P:A592I:Q619K:E634D:P644G:H748W,-3.8549016952514648
20,Q33Y:G58N:G68I:Y168S:Y217P:V225R:A235G:G251L:T275F:T277I:C324W:T333W:A389L:R411Y:E474R:N571Y:S656P:I702P:L705I:R747F,-4.693540453910828
20,A12F:N49W:K66L:I94N:I113E:T157L:N164R:A258H:F391S:K395A:Q433K:L480V:Q506G:K522V:N542E:Q567L:G611V:R643H:S697F:D739P,-3.5905226707458495
20,M1W:V20F:K60F:Q71T:Q81W:A88H:Y115K:H166V:E246R:D247I:K315W:D332I:P372L:V498P:E501P:S544R:A553V:I581S:S614E:S750I,-4.37174745798111
20,L8T:T22H:Q33W:T61F:K66Y:L70Y:C73T:V226I:E231T:A235R:E236I:D244F:V286E:A339R:Q347N:R527Q:K568R:T603R:D647C:K725E,-4.4186111152172085
20,I63C:P78W:G101A:V112D:C144K:P188G:N195R:D197T:E255T:E256I:V286P:S348C:W413G:Q433P:V454A:R460P:E474L:N550S:E564M:E746R,-4.335082054138184
20,W52S:T59V:K60V:I63G:S159C:N195V:D223E:I304G:G322D:R499D:E556K:Q570P:M594E:E599Y:D678K:T714Y:V736C:L749D:Q754R:E766Y,-4.196456456184388
20,L10Y:E75F:F135D:W210V:D245I:R268V:I272L:Y308F:G322P:C324E:M406I:R469N:R470L:V536G:N579S:I661W:Q686L:L688V:G734A:N770W,-4.708803498744965
20,T107S:H110L:V119C:Q138D:E160R:W209K:D216C:S271A:T279M:E289G:W307K:T352G:V518R:Q567W:P620R:L650W:G680A:G704E:V735D:T761F,-4.510169577598572
20,F37R:L41F:M43I:K106G:D131H:T152Q:D216A:E256H:C316N:K363R:T367I:A374L:L379G:S441E:Q559P:L566C:D574T:L597I:V683H:K699S,-3.8091056764125826
20,N25K:L29G:Y72W:V119K:S198C:A229F:V234Q:V286N:E313N:C337R:V340T:R359E:D360Q:V409Y:M410H:K522L:N550C:G657R:R676A:G696V,-4.269195318222046
20,Y72Q:L128N:E202Q:Y308L:A317W:G322F:A339I:D373R:L442Q:P520G:P552Y:P639L:G680Q:Y681V:K687A:G704M:E737M:V738H:N755R:P760Y,-4.509424543380737
20,E87K:N96L:C174K:D219I:C291G:N330A:A344D:L453I:I477T:P485D:A524S:S528Q:H622Y:N635H:G649Q:M671T:F675Q:G680K:A692G:Q754A,-3.685451513528824
20,W52T:H110R:D125W:H137S:G181H:V225S:E256S:G325L:Q436I:V454K:R468V:Y476S:M531I:S544K:N571S:S573D:N610L:H684K:A713L:Q769M,-3.7355157136917114
20,D64R:K66Q:T83Y:D142A:K155Y:T157P:G212T:G220A:V237N:R328L:A339Q:K393R:R418W:K425W:A426K:T478S:V554I:E556L:V711Q:K724T,-4.160109275579453
20,L28F:A30S:V86G:D131C:M170K:M345Q:E399N:E404I:E415S:V439M:A479N:L547Q:A578L:L607R:E638L:T659D:S679T:H685A:G696W:V742C,-3.782557249069214
20,P21K:P32N:N42G:Q71E:L118G:P130L:T157E:D205Y:K224A:E230M:D245Y:V254P:R359P:I477H:P485D:A578Y:V637I:I666E:E668M:Q686E,-3.3583969712257384
20,W13F:M43R:Q71G:P109V:L350K:P356W:T371S:E380S:V431Q:V439Y:Q444K:L471N:Q502I:D519E:S546K:M580S:T651I:E664S:D678Y:K725Q,-3.2347755074501037
20,A11R:A30T:A88W:C187K:V196S:A218T:D248S:A265C:V283D:V287L:T333I:M345Q:L349I:L364M:A500Y:H507P:V530S:Q570W:G611V:T719N,-4.601639747619629
20,V123H:S124H:A190T:S198K:V237Y:A258V:T278L:G314E:C324I:A339M:P361I:Q436N:L465G:Y549L:E564A:V707W:L720F:D739L:T761C:F764C,-4.198130786418915
20,W13P:D53T:E67D:K106Y:C117D:P130F:L189F:E259Y:S292L:C300E:L349I:Q452E:Q481W:V490Q:F491K:K503V:Q567P:Y588R:P654S:V715L,-3.94666845202446
20,C62H:Y77A:N84R:R102S:K161T:K178M:A213D:Y217I:E246M:S271L:E313S:E440D:L566I:E583L:T603Y:G625I:E636R:D641F:H677W:E758K,-3.535368549823761
20,C62V:Q74W:L128T:T146R:V153D:M170C:A273R:T279M:E296L:T312A:K315D:W413I:R450Y:L480Y:E583A:N610K:E664Y:M706C:V717G:Q767T,-3.9797590732574464
20,I94T:H108M:L165Q:C186W:E285C:N329S:M338D:G342N:L357K:Q419M:N422E:A447Q:L453V:A482C:D504W:T532R:T600Q:T651C:E668I:K687V,-5.077940595149994
20,A30H:D53M:D125W:F135A:W209V:E246R:T274D:A295K:T371E:E449S:L453E:Y497F:H511T:D563M:F624V:E638L:D641R:A646T:I716T:Q727I,-3.857147228717804
20,P3Y:Y72S:R140F:H149S:V196W:T274S:V283N:V290M:R306W:L349W:K393Q:K425S:R468M:P520H:K521I:L565Y:T602P:S614I:P744R:F765C,-4.087336927652359
20,R16F:C38R:K103F:P130D:E156T:G326L:V340M:F391Q:E396D:Q451M:R468W:P485Q:T508M:V515S:E539W:E605C:E668D:G680K:L723M:K763I,-4.251242136955261
20,A30K:Q48V:G58R:T93Y:G101H:K103G:W150G:L171D:R301P:W307I:T333S:A368Y:D384G:L442I:E445S:E455L:G649S:V711K:V721A:F765S,-4.489332401752472
20,V76P:H110Y:S162N:D204Y:D243M:E257M:A295C:W307P:D310L:Q354A:A394Y:F435C:L453T:R468L:K495I:D560P:T602I:G655I:D694L:V707F,-4.721484088897705
20,A35W:L41P:T93V:R100V:F135L:L136G:R180K:S206T:M303L:A317N:E335F:A374S:A426E:Q452F:M594I:R643P:P644W:K662P:S750D:E766Q,-3.778795671463013
20,A15N:A26K:F111D:L127S:E240M:T269Q:S271E:Y378F:T381C:F391C:N466L:V483S:N550E:D575F:E599K:N635W:P654F:V689P:A692S:Q767N,-3.972159194946289
20,I34S:R102I:S159N:D223F:V287N:E380W:R418N:K425C:A430Q:E455L:Q502H:V554E:T602R:A631E:M671H:K687A:V707C:T714M:E745K:T761F,-3.6581427454948425
20,P3A:Q71F:I113A:K134P:H149K:T152Y:F179N:G211A:A213H:E222L:E239C:E257G:E284R:C337V:V554E:K568D:N579T:K601S:G611P:H677V,-4.466367110610008
20,P32T:M45S:I63D:F111D:V112M:E227G:F309D:E412G:E437L:A463Y:R470W:F491N:R516P:L534V:P608L:P630S:T659V:F675R:I703E:E745F,-4.188003361225128
20,C98G:S221T:V234D:Y262D:Y321D:S348D:D384R:V409E:P424N:A426G:K438W:S441C:A463Y:L465W:L565W:S667M:M671E:E682R:D739P:H748R,-4.138597285747528
20,D53Y:T107I:F111R:L118W:S159W:A218C:E230L:V286A:A295H:F320L:R359L:P361M:K377P:L494A:P520G:Q570F:A592Y:L615Q:A673E:D739G,-3.6764047920703886
20,P32F:S54G:E87C:I94D:S162K:S221R:F320R:T333S:L350S:L379R:N386K:A430I:L465V:S544E:S582N:G611R:G649E:D739M:N759Y:F765T,-3.785488855838776
20,L8G:V47F:S57P:V123W:M141I:W210T:Y217V:V226N:Y262D:T297P:F309C:C316R:Y336A:R405S:S441D:K510N:R540Y:S614Q:H684Y:F765Q,-4.197230678796768
20,T22V:P91D:P109Q:L118M:I176N:D250K:T297M:T333G:T371D:R411V:E415F:K428V:A447V:N448H:A472P:V604N:T633F:S656I:V707E:Q727F,-4.342092144489288
20,P78M:T157F:K178S:V182D:E203T:E263S:F331M:R460K:Y476W:Q506C:A578P:N579V:M594D:D617M:V640R:P644S:T651C:T659C:D672P:N698L,-5.02952167391777
20,M43F:E79C:T93R:S193E:N330M:A394E:V461T:E474H:R488C:H514K:P520S:K568S:I586V:P595V:V609G:P620N:P630N:I661M:E668Q:Y757Q,-3.316319924592972
20,S54D:G68Y:W97F:A154P:E259M:C291Q:M338F:G342D:S343L:Q347W:E396Q:Y572M:F613G:L618V:D647E:T663Q:A673V:V695N:G696A:V742N,-3.9546025514602663
20,G39F:L80Q:Q104F:M141G:S159G:V185G:D197S:G220C:E232R:M303P:A317K:M345S:L350M:V498R:P520I:R540W:A553K:T633L:D678T:Y757H,-4.049493262171746
20,S54E:D142V:H166E:D205M:E257D:E289H:K377L:T381R:Q392V:K429F:Q452R:L473D:M493I:V515R:M541P:K568A:R585Q:P620C:G657Q:V695T,-3.801478409767151
20,L29T:R40S:N84A:R102D:M141A:V143K:W150H:E230G:A242W:Q294V:N327R:A344F:G383M:D384K:E396M:P484E:I666C:A713K:L723R:H732S,-4.338095414638519
20,L2G:A17E:T65V:P114N:L148D:D247V:D248W:P299V:V362T:D427W:E440A:F512Q:S528T:Y549C:R585P:G589P:E612L:P630A:R648N:V736D,-3.6757146954536437
20,N46G:T107F:H137D:R180S:D247C:C341M:Q347H:Q354C:P361H:Y476C:F491N:D560M:S596V:P644Q:T659W:A673T:I702L:A713D:K751H:Q753L,-4.85978068113327
20,N49R:V85D:L128R:E192H:T274W:T280L:V340M:S348E:T366D:K377N:E396M:M410L:N448S:Q451R:L509G:K510S:T532N:D672S:G709C:Y762N,-3.5340482175350187
20,P32F:M36D:T59I:Y77N:H147P:N164Q:S282Y:D373C:A416G:A446S:E449P:I526P:S623R:P630D:R653Y:G655F:L688V:V695N:G696Q:M768N,-3.973804825544357
